# source id	number -- kept by tools/mkcourse.py: numbers are never reused or changed, so commit this file with the course
radical:一	1
radical:十	2
radical:人	3
radical:口	4
radical:山	5
radical:日	6
radical:月	7
radical:木	8
kanji:一	9
kanji:二	10
kanji:三	11
kanji:十	12
kanji:人	13
kanji:口	14
kanji:大	15
kanji:山	16
kanji:日	17
kanji:月	18
kanji:木	19
kanji:本	20
word:一つ	21
word:二つ	22
word:三つ	23
word:一人	24
word:二人	25
word:三人	26
word:人	27
word:大人	28
word:人口	29
word:大きい	30
word:口	31
word:山	32
word:十	33
word:月	34
word:一月	35
word:木	36
word:本	37
word:日本	38
word:日本人	39
word:二日	40
radical:丨	41
radical:卜	42
radical:目	43
radical:田	44
radical:力	45
radical:亻	46
kanji:上	47
kanji:下	48
kanji:中	49
kanji:目	50
kanji:田	51
kanji:力	52
kanji:男	53
kanji:休	54
kanji:体	55
kanji:林	56
kanji:森	57
kanji:明	58
word:上	59
word:下	60
word:中	61
word:目	62
word:田んぼ	63
word:力	64
word:男	65
word:男の人	66
word:休む	67
word:休み	68
word:休日	69
word:体	70
word:大体	71
word:林	72
word:森	73
word:森林	74
word:明るい	75
word:明日	76
word:上下	77
word:日中	78
